City_ID,City,Lat,Lng,Max Temp,Humidity,Cloudiness,Wind Speed,Country,Date
0,kapa'a,22.0752,-159.319,25.99,82,24,0.45,US,1703907775
1,iqaluit,63.7506,-68.5145,-8.15,85,100,7.72,CA,1703907610
2,albany,42.6001,-73.9662,5.65,91,100,0.45,US,1703907776
3,ushuaia,-54.8,-68.3,7.81,87,40,1.54,AR,1703907556
4,nadi,-17.8,177.4167,31.0,70,75,7.2,FJ,1703907776
5,touros,-5.1989,-35.4608,25.85,80,98,3.8,BR,1703907776
6,itupiranga,-5.1347,-49.3267,25.18,98,100,2.03,BR,1703907777
7,el calafate,-50.3408,-72.2768,12.66,69,100,4.13,AR,1703907648
8,port-aux-francais,-49.35,70.2167,4.88,89,83,14.82,TF,1703907777
9,codrington,-38.2667,141.9667,16.69,55,70,6.9,AU,1703907778
10,waitangi,-43.9535,-176.5597,18.79,94,100,3.58,NZ,1703907778
11,harper,4.375,-7.7169,26.18,84,28,1.45,LR,1703907779
12,hithadhoo,-0.6,73.0833,27.3,79,91,1.51,MV,1703907779
13,blackmans bay,-43.0167,147.3167,15.29,57,82,2.68,AU,1703907780
14,adamstown,-25.066,-130.1015,22.59,77,99,8.08,PN,1703907780
15,invercargill,-46.4,168.35,17.79,64,16,1.34,NZ,1703907781
16,tiksi,71.6872,128.8694,-36.2,98,71,4.64,RU,1703907781
17,hermanus,-34.4187,19.2345,20.45,87,99,5.06,ZA,1703907781
18,atafu village,-8.5421,-172.5159,29.39,68,100,6.08,TK,1703907782
19,horsham,51.064,-0.3272,8.58,83,40,1.54,GB,1703907782
20,makarov,48.6333,142.8,-11.08,58,8,4.47,RU,1703907783
21,jamestown,42.097,-79.2353,2.77,96,100,3.09,US,1703907783
22,mutuali,-14.8706,37.0044,21.69,96,100,0.25,MZ,1703907784
23,talnakh,69.4865,88.3972,-19.38,99,100,1.24,RU,1703907785
24,vrangel',42.7297,133.0839,0.51,59,100,2.36,RU,1703907786
25,greymouth,-42.4667,171.2,17.54,71,9,2.81,NZ,1703907787
26,kavaratti,10.5669,72.642,29.08,72,100,6.49,IN,1703907787
27,duba,27.3513,35.6901,19.68,47,0,3.62,SA,1703907787
28,barcelos,41.5388,-8.6151,13.08,94,96,1.01,PT,1703907787
29,burley,42.5357,-113.7928,1.98,83,0,2.57,US,1703907788
30,aasiaat,68.7098,-52.8699,-22.78,86,98,5.62,GL,1703907788
31,mancio lima,-7.6142,-72.8958,26.04,94,0,0.0,BR,1703907789
32,walla walla,46.0646,-118.343,5.14,98,100,3.09,US,1703907789
33,thompson,55.7435,-97.8558,-7.91,86,100,3.09,CA,1703907789
34,yellowknife,62.456,-114.3525,-8.71,92,100,3.09,CA,1703907546
35,tolanaro,-25.0319,46.9987,26.04,83,40,7.2,MG,1703907790
36,novyy urgal,51.0736,132.5642,-23.17,86,92,0.49,RU,1703907790
37,edinburgh of the seven seas,-37.0676,-12.3116,17.72,99,100,4.28,SH,1703907790
38,cabo san lucas,22.8909,-109.9124,22.09,65,34,0.71,MX,1703907791
39,sola,-13.8833,167.55,30.37,79,100,1.03,VU,1703907792
40,gobabis,-22.45,18.9667,17.56,25,0,2.91,NA,1703907536
41,bilibino,68.0546,166.4372,-41.34,98,53,1.26,RU,1703907793
42,kodiak,57.79,-152.4072,-11.27,85,0,3.6,US,1703907793
43,constitucion,-35.3333,-72.4167,13.54,95,34,2.74,CL,1703907793
44,sisimiut,66.9395,-53.6735,-14.6,70,100,6.5,GL,1703907794
45,bredasdorp,-34.5322,20.0403,20.78,91,100,5.48,ZA,1703907794
46,puerto natales,-51.7236,-72.4875,13.25,62,75,2.57,CL,1703907794
47,bikenibeu village,1.3673,173.1241,26.98,94,100,3.09,KI,1703907795
48,les anglais,18.3054,-74.2197,25.35,83,58,0.77,HT,1703907795
49,bayganin,48.6947,55.8742,0.14,98,100,7.57,KZ,1703907795
50,zapala,-38.8992,-70.0544,17.59,23,6,2.72,AR,1703907707
51,port augusta,-32.5,137.7667,23.35,40,0,8.68,AU,1703907723
52,port mathurin,-19.6833,63.4167,27.5,76,63,3.53,MU,1703907796
53,ciudad lazaro cardenas,17.9583,-102.2,21.98,79,0,2.06,MX,1703907797
54,san juan de miraflores,-12.1629,-76.9635,23.98,78,100,3.43,PE,1703907798
55,igarka,67.4667,86.5833,-12.42,94,100,5.17,RU,1703907798
56,port lincoln,-34.7333,135.8667,18.8,57,22,6.66,AU,1703907798
57,arraial do cabo,-22.9661,-42.0278,24.8,91,95,5.96,BR,1703907799
58,keflavik,64.0049,-22.5624,-2.76,80,75,5.66,IS,1703907800
59,kourou,5.1552,-52.6478,26.03,92,93,2.42,GF,1703907800
60,bengkulu,-3.8004,102.2655,29.34,69,98,2.26,ID,1703907801
61,fort st. john,56.2499,-120.8529,-6.06,86,75,2.06,CA,1703907801
62,stanley,54.868,-1.6985,0.99,92,0,5.14,GB,1703907680
63,cabinda,-5.55,12.2,24.3,87,100,1.04,AO,1703907802
64,kertih,4.5141,103.4483,30.01,79,40,4.12,MY,1703907534
65,ishigaki,24.3448,124.1572,27.07,83,75,4.12,JP,1703907803
66,bethel,41.3712,-73.414,8.45,81,100,3.09,US,1703907803
67,punta arenas,-53.15,-70.9167,10.06,81,0,8.23,CL,1703907803
68,tinajo,29.0788,-13.7081,13.49,26,0,2.57,ES,1703907804
69,happy valley-goose bay,53.3168,-60.3315,-8.83,86,100,1.54,CA,1703907805
70,hpa-an,16.8906,97.6333,29.24,42,66,1.25,MM,1703907805
71,avarua,-21.2078,-159.775,27.03,69,62,5.14,CK,1703907806
72,puerto ayora,-0.7393,-90.3518,24.75,95,66,2.24,EC,1703907806
73,uturoa,-16.7333,-151.4333,28.16,77,98,5.04,PF,1703907806
74,udobnaya,44.1932,41.5529,2.93,57,23,2.4,RU,1703907807
75,richlands,37.0932,-81.7937,0.39,100,100,2.57,US,1703907807
76,papatowai,-46.5619,169.4708,16.33,52,51,3.91,NZ,1703907808
77,vila velha,-20.3297,-40.2925,26.08,86,0,3.6,BR,1703907808
78,olonkinbyen,70.9221,-8.7187,-8.34,69,100,8.0,SJ,1703907808
79,la passe,45.5549,-0.8967,7.13,94,85,3.51,FR,1703907809
80,la'ie,21.6477,-157.9253,25.98,68,45,0.89,US,1703907809
81,bereeda,11.8704,51.0579,23.9,77,45,2.4,SO,1703907809
82,udachny,66.4167,112.4,-25.31,83,100,3.44,RU,1703907810
83,tazacorte,28.629,-17.9293,18.54,29,0,4.92,ES,1703907810
84,saldanha,-33.0117,17.9442,17.03,91,100,5.72,ZA,1703907810
85,sovetskaya gavan',48.9723,140.2878,-13.27,73,12,1.67,RU,1703907811
86,serhiyivka,46.0272,30.3768,5.81,68,65,1.39,UA,1703907811
87,whitehorse,60.7161,-135.0538,-10.57,88,100,1.54,CA,1703907811
88,jalalaqsi,3.3766,45.5996,24.01,77,86,5.73,SO,1703907812
89,siniscola,40.5719,9.6922,7.75,74,100,1.48,IT,1703907812
90,douz,33.4663,9.0203,11.59,77,88,0.71,TN,1703907812
91,laguna,38.421,-121.4238,14.86,89,100,4.63,US,1703907740
92,acarau,-2.8856,-40.12,26.35,86,81,4.26,BR,1703907813
93,weno,7.4515,151.8468,31.97,70,40,3.09,FM,1703907813
94,xinyuan,37.3,99.0,-4.4,16,8,1.01,CN,1703907814
95,tsaratanana,-16.7833,47.65,23.94,91,100,1.68,MG,1703907534
96,alofi,-19.0595,-169.9187,28.94,70,33,8.23,NU,1703907814
97,sittwe,20.15,92.9,23.81,69,53,1.13,MM,1703907815
98,college,64.8569,-147.8028,-32.82,71,20,0.0,US,1703907815
99,port moresby,-9.4431,147.1797,33.68,59,40,5.14,PG,1703907815
100,hamilton,39.1834,-84.5333,3.0,89,100,4.12,US,1703907816
101,kangding,30.0513,101.9603,9.15,11,0,1.33,CN,1703907816
102,shingu,33.7333,135.9833,13.45,47,29,1.98,JP,1703907817
103,bonthe,7.5264,-12.505,23.84,89,1,1.82,SL,1703907817
104,umiray,15.2206,121.4111,27.45,79,90,4.8,PH,1703907818
105,coahuayana de hidalgo,18.7,-103.6583,20.9,85,0,1.65,MX,1703907819
106,rongelap,11.1635,166.8941,27.46,83,97,7.32,MH,1703907819
107,yung shue wan,22.2333,114.1167,23.78,66,39,0.66,HK,1703907819
108,carsamba,41.1989,36.7219,0.86,93,0,1.54,TR,1703907820
109,carnarvon,-24.8667,113.6333,25.04,63,22,5.84,AU,1703907820
110,ribeira grande,38.5167,-28.7,16.54,67,75,5.66,PT,1703907820
111,kroya,-7.6331,109.2461,29.48,75,84,4.88,ID,1703907706
112,dudinka,69.4058,86.1778,-25.74,96,100,6.26,RU,1703907821
113,dulovo,43.8167,27.15,4.2,81,58,4.15,BG,1703907821
114,grytviken,-54.2811,-36.5092,-0.54,76,79,3.17,GS,1703907822
115,badger,64.8,-147.5333,-32.86,73,0,0.0,US,1703907822
116,kone,-21.0595,164.8658,28.28,64,76,1.31,NC,1703907823
117,ust-nera,64.5667,143.2,-43.88,98,83,1.49,RU,1703907823
118,khanbari,27.3747,87.2039,18.73,44,0,1.39,NP,1703907536
119,enewetak,11.3474,162.3373,27.75,81,92,6.74,MH,1703907824
120,fort bragg,35.139,-79.006,6.57,74,0,3.09,US,1703907825
121,maloye ganyushkino,46.6,49.2667,2.75,72,95,5.29,KZ,1703907825
122,encruzilhada do sul,-30.5439,-52.5219,13.6,90,0,4.97,BR,1703907826
123,susangerd,31.5608,48.1831,14.94,56,0,3.72,IR,1703907826
124,sampit,-2.5333,112.95,30.77,73,38,0.85,ID,1703907827
125,itoman,26.1247,127.6694,25.22,83,75,10.8,JP,1703907828
126,tamandare,-8.7597,-35.1047,24.82,74,1,1.66,BR,1703907828
127,utrik,11.2278,169.8474,27.27,82,85,8.6,MH,1703907829
128,xiongzhou,25.1167,114.3,23.72,45,56,1.39,CN,1703907790
129,vorkuta,67.5,64.0,-19.62,92,6,7.2,RU,1703907830
130,bereznik,62.8551,42.7072,-24.7,100,85,0.75,RU,1703907830
131,mmabatho,-25.85,25.6333,15.98,72,28,5.14,ZA,1703907831
132,san antonio de pale,-1.4014,5.6325,27.13,79,59,3.24,GQ,1703907832
133,assab,13.0092,42.7394,25.4,74,99,10.34,ER,1703907832
134,hawaiian paradise park,19.5933,-154.9731,21.69,96,100,2.06,US,1703907833
135,laboulaye,-34.1266,-63.3912,16.24,60,3,3.55,AR,1703907833
136,kismayo,-0.3582,42.5454,27.56,85,75,6.29,SO,1703907546
137,anadyr,64.75,177.4833,-20.56,76,0,8.0,RU,1703907751
138,san pablo,14.0669,121.3258,28.77,62,53,3.48,PH,1703907834
139,usinsk,65.9939,57.5281,-14.96,91,81,5.81,RU,1703907834
140,ilulissat,69.2167,-51.1,-12.99,52,40,5.66,GL,1703907835
141,st. john's,47.5649,-52.7093,-0.18,95,100,10.29,CA,1703907658
142,dali,25.7,100.1833,12.99,51,3,0.48,CN,1703907835
143,novyy urengoy,66.0833,76.6333,-11.32,94,100,9.06,RU,1703907836
144,isafjordur,66.0755,-23.124,-8.82,80,35,1.81,IS,1703907836
145,palikir - national government center,6.9248,158.1611,31.41,74,40,4.12,FM,1703907836
146,kingston,17.997,-76.7936,27.53,78,20,1.54,JM,1703907837
147,biella,45.5871,8.0859,6.49,79,100,1.42,IT,1703907837
148,north madison,38.7678,-85.3966,1.99,96,100,1.79,US,1703907837
149,labrador city,52.9463,-66.9114,-8.05,93,100,1.03,CA,1703907838
150,klyuchi,52.2667,79.1667,-4.43,78,100,9.33,RU,1703907838
151,hasaki,35.7333,140.8333,16.27,67,60,2.74,JP,1703907839
152,khawr fakkan,25.3313,56.342,21.03,63,9,0.77,AE,1703907839
153,maintirano,-18.0667,44.0167,27.57,75,86,3.76,MG,1703907840
154,coruripe,-10.1256,-36.1756,24.52,83,0,3.13,BR,1703907840
155,tauranga,-37.6861,176.1667,27.7,76,61,4.24,NZ,1703907840
156,huambo,-12.7761,15.7392,14.19,96,16,0.33,AO,1703907841
157,constantia,44.1833,28.65,5.39,83,87,3.8,RO,1703907842
158,pyt-yakh,60.7499,72.8582,-9.08,93,100,5.8,RU,1703907842
159,altamira,-3.2033,-52.2064,23.02,99,93,1.16,BR,1703907842
160,marka,1.7159,44.7717,26.55,79,95,6.42,SO,1703907547
161,tutong,4.8,114.65,31.05,67,70,1.22,BN,1703907843
162,princeville,45.7668,-61.2985,2.02,97,100,2.24,CA,1703907844
163,west island,-12.1568,96.8225,28.99,74,75,4.63,CC,1703907844
164,yekaterinovka,52.0508,44.3451,0.79,98,100,6.48,RU,1703907845
165,vorgashor,67.5833,63.95,-20.14,92,7,7.91,RU,1703907845
166,burao,9.5221,45.5336,18.37,74,97,2.16,SO,1703907846
167,antsiranana,-12.2787,49.2917,25.42,83,40,3.09,MG,1703907834
168,mabaruma,8.2,-59.7833,23.19,99,32,1.29,GY,1703907846
169,saijo,33.9167,133.1833,13.96,50,100,1.3,JP,1703907846
170,aykhal,66.0,111.5,-26.15,98,100,5.08,RU,1703907847
171,katsuren-haebaru,26.3369,127.8719,25.22,78,100,5.66,JP,1703907735
172,ballina,-28.8667,153.5667,31.55,59,100,5.33,AU,1703907847
173,la rioja,42.25,-2.5,-0.12,88,60,2.28,ES,1703907848
174,trujillo,-8.116,-79.03,21.98,83,0,4.12,PE,1703907848
175,susuman,62.7833,148.1667,-37.23,99,100,0.89,RU,1703907849
176,tangalle,6.024,80.7911,28.09,78,83,7.03,LK,1703907849
177,natal,-5.795,-35.2094,26.12,83,20,2.57,BR,1703907850
178,nieuw nickerie,5.95,-56.9833,25.73,88,99,4.06,SR,1703907850
179,port blair,11.6667,92.75,30.02,70,40,4.63,IN,1703907581
180,san luis de la loma,17.2706,-100.8939,22.58,78,0,2.16,MX,1703907850
181,bako,5.7833,36.5667,19.73,61,99,1.48,ET,1703907851
182,mumbwa,-14.9783,27.0619,17.43,99,65,1.5,ZM,1703907851
183,port elizabeth,-33.918,25.5701,19.62,87,0,7.2,ZA,1703907608
184,la ronge,55.1001,-105.2842,-10.86,92,40,1.03,CA,1703907852
185,polovinnoye,54.7914,65.9864,-11.07,82,66,9.56,RU,1703907852
186,san patricio,28.017,-97.5169,13.24,50,0,3.72,US,1703907652
187,crane,31.3974,-102.3501,8.77,29,0,2.64,US,1703907853
188,al hasaheisa,14.7526,33.2984,17.16,29,1,4.53,SD,1703907853
189,troitsko-pechorsk,62.7084,56.1964,-10.67,94,100,4.5,RU,1703907853
190,kill devil hills,36.0307,-75.676,9.01,67,75,7.72,US,1703907854
191,wailua homesteads,22.0669,-159.378,25.24,82,33,0.45,US,1703907854
192,sant'antioco,39.0664,8.4522,12.09,84,100,1.85,IT,1703907855
193,richards bay,-28.783,32.0377,19.88,87,8,2.12,ZA,1703907855
194,mandalgovi,45.7625,106.2708,-8.62,87,6,3.3,MN,1703907856
195,sinop,41.7711,34.8709,6.29,50,21,3.13,TR,1703907856
196,trevelin,-43.0858,-71.4639,14.71,78,0,1.85,AR,1703907856
197,toliara,-23.35,43.6667,25.43,78,100,4.18,MG,1703907857
198,port alfred,-33.5906,26.891,22.23,83,100,5.11,ZA,1703907857
199,santa maria,-29.6842,-53.8069,22.61,88,75,1.03,BR,1703907857
200,olutanga,7.3106,122.8464,27.98,77,40,1.06,PH,1703907858
201,yanam,16.7333,82.2167,25.39,66,65,2.27,IN,1703907787
202,khanty-mansiysk,61.0042,69.0019,-9.94,85,75,3.13,RU,1703907858
203,caleta de carquin,-11.0925,-77.6267,22.07,85,99,3.49,PE,1703907858
204,fale old settlement,-9.3852,-171.2468,29.25,69,100,5.98,TK,1703907859
205,moyynkum,44.2914,72.9469,-1.1,62,35,4.12,KZ,1703907860
206,sitia,35.2,26.0986,14.99,75,100,2.31,GR,1703907860
207,port macquarie,-31.4333,152.9167,27.16,65,30,5.03,AU,1703907860
208,rio gallegos,-51.6226,-69.2181,12.03,82,20,6.69,AR,1703907861
209,hilo,19.7297,-155.09,21.81,99,100,2.06,US,1703907861
210,sokolovyy,51.5686,45.8331,1.86,84,100,0.89,RU,1703907861
211,jayapura,-2.5333,140.7,33.66,66,99,2.41,ID,1703907607
212,motul,21.1,-89.2833,18.88,86,97,3.05,MX,1703907862
213,roccella ionica,38.322,16.4009,11.54,76,99,1.98,IT,1703907862
214,santa terezinha,-29.9002,-50.0904,19.73,85,24,4.05,BR,1703907863
215,sitka,57.0531,-135.33,11.94,62,100,8.23,US,1703907863
216,cidreira,-30.1811,-50.2056,19.86,79,8,4.42,BR,1703907863
217,tazovsky,67.4667,78.7,-14.84,93,100,9.21,RU,1703907864
218,mollendo,-17.0231,-72.0147,21.48,84,99,2.86,PE,1703907865
219,paracuru,-3.41,-39.0306,27.84,84,93,3.74,BR,1703907865
220,inarajan village,13.2736,144.7484,31.54,78,92,9.86,GU,1703907865
221,remire-montjoly,4.9167,-52.2667,26.02,94,20,1.03,GF,1703907866
222,kirakira,-10.4544,161.9205,29.35,77,87,3.21,SB,1703907866
223,mirnyy,62.5353,113.9611,-29.06,97,100,1.74,RU,1703907867
224,mahibadhoo,3.7833,72.9667,26.61,85,99,7.2,MV,1703907867
225,bandrele,-12.9067,45.1914,27.86,89,0,1.54,YT,1703907867
226,vila franca do campo,37.7167,-25.4333,16.23,78,100,2.62,PT,1703907868
227,kooringal,-35.1428,147.3771,25.15,38,14,0.89,AU,1703907868
228,saipan,15.1355,145.701,29.39,70,40,8.75,MP,1703907868
229,seymour,38.9592,-85.8903,2.08,91,100,0.45,US,1703907869
230,hirara,24.8,125.2833,25.92,88,75,5.66,JP,1703907681
231,ghauspur,28.1391,69.0831,18.07,29,82,2.98,PK,1703907869
232,lebu,-37.6167,-73.65,12.82,89,2,5.31,CL,1703907870
233,longyearbyen,78.2186,15.6401,-0.09,69,75,8.75,SJ,1703907871
234,parauapebas,-6.0675,-49.9022,22.27,99,100,0.93,BR,1703907872
235,wynyard,-41.0,145.7167,17.53,38,99,5.53,AU,1703907872
236,puerto santa,-8.9906,-78.6456,21.67,85,98,3.92,PE,1703907872
237,undurkhaan,47.3194,110.6556,-10.54,95,80,1.58,MN,1703907872
238,valparaiso,-33.0393,-71.6273,16.8,88,100,3.09,CL,1703907873
239,el granada,37.5027,-122.4694,14.14,95,100,3.6,US,1703907873
240,buka,40.8108,69.1986,0.34,73,19,1.25,UZ,1703907874
241,aripuana,-9.1667,-60.6333,22.9,99,69,0.95,BR,1703907874
242,mount isa,-20.7333,139.5,41.87,19,0,5.14,AU,1703907874
243,dryden,49.7833,-92.7503,-4.84,100,75,2.06,CA,1703907875
244,praia da vitoria,38.7333,-27.0667,15.42,94,40,3.58,PT,1703907875
245,mhlume,-26.0333,31.85,18.47,94,98,1.56,SZ,1703907829
246,nar'yan-mar,67.6713,53.087,-16.05,97,100,4.02,RU,1703907876
247,lloydminster,53.2835,-110.0016,-5.88,86,0,2.57,CA,1703907876
248,mount pearl,47.5166,-52.7813,-0.64,95,100,10.29,CA,1703907877
249,ancud,-41.8697,-73.8203,10.92,81,0,1.7,CL,1703907877
250,pangai,-19.8,-174.35,29.06,65,20,6.69,TO,1703907878
251,flying fish cove,-10.4217,105.6791,28.82,78,75,6.69,CX,1703907878
252,diego martin,10.7005,-61.5342,22.49,86,13,3.27,TT,1703907379
253,cheria,35.2731,7.7519,3.12,52,100,2.05,DZ,1703907878
254,cockburn town,21.4612,-71.1419,25.63,77,5,2.99,TC,1703907879
255,inongo,-1.95,18.2667,22.86,91,96,2.31,CD,1703907880
256,korhogo,9.45,-5.6333,18.86,16,0,1.51,CI,1703907880
257,dordrecht,51.81,4.6736,8.36,88,89,3.13,NL,1703907880
258,ambalangoda,6.2355,80.0538,27.13,78,88,1.03,LK,1703907881
259,tsiombe,-25.3,45.4833,24.3,82,93,7.43,MG,1703907881
260,saynshand,44.8824,110.1163,-9.52,90,59,3.52,MN,1703907881
261,sao paulo de olivenca,-3.3783,-68.8725,23.16,97,98,0.04,BR,1703907882
262,vilyuchinsk,52.9306,158.4028,-10.85,72,100,3.59,RU,1703907882
263,katabu,-4.9333,122.5167,32.61,56,75,0.93,ID,1703907883
264,holualoa,19.6228,-155.9522,23.91,82,40,2.57,US,1703907883
265,mawu,29.5923,107.3139,12.53,68,0,1.07,CN,1703907883
266,san pedro de macoris,18.4616,-69.2972,23.34,87,0,3.05,DO,1703907884
267,san jose de jachal,-30.2406,-68.7469,23.47,28,17,1.98,AR,1703907884
268,ola,59.5833,151.2833,-25.2,81,87,4.25,RU,1703907885
269,hadibu,12.65,54.0333,24.33,73,54,4.58,YE,1703907885
270,lagunillas,10.1301,-71.2595,25.99,84,74,2.35,VE,1703907885
271,mangrol,21.1167,70.1167,23.82,48,4,3.22,IN,1703907886
272,cartagena,10.3997,-75.5144,27.79,83,40,3.6,CO,1703907886
273,kavieng,-2.5744,150.7967,28.94,72,100,1.97,PG,1703907887
274,souillac,-20.5167,57.5167,26.21,78,75,0.0,MU,1703907887
275,lincoln city,44.9582,-124.0179,12.76,92,100,2.24,US,1703907887
276,lerwick,60.1545,-1.1494,5.0,67,99,11.32,GB,1703907888
277,lazaro cardenas,17.9583,-102.2,21.98,79,0,2.06,MX,1703907797
278,xianning,29.8833,114.2167,15.15,64,5,2.7,CN,1703907701
279,kitaibaraki,36.7833,140.75,14.58,63,11,0.89,JP,1703907627
280,lompoc,34.6391,-120.4579,15.56,83,0,4.12,US,1703907889
281,longgang,37.6508,120.3286,4.86,89,62,4.27,CN,1703907889
282,shantobe,52.4581,68.1839,-7.42,92,100,9.73,KZ,1703907889
283,bam,29.106,58.357,12.87,35,75,2.9,IR,1703907890
284,trancas,-26.2314,-65.2803,19.45,85,100,1.06,AR,1703907891
285,picos,-7.0769,-41.4669,28.49,49,97,0.29,BR,1703907891
286,deming,32.2687,-107.7586,2.94,41,0,3.09,US,1703907891
287,lospalos,-8.5186,127.0025,32.36,50,70,3.19,TL,1703907892
288,east london,-33.0153,27.9116,20.52,88,40,3.6,ZA,1703907619
289,beichengqu,40.4394,113.1536,-5.56,74,87,4.18,CN,1703907892
290,pericos,25.05,-107.7,17.95,58,32,0.82,MX,1703907893
291,siuna,13.7332,-84.7773,21.96,97,100,0.6,NI,1703907893
292,mosjoen,65.836,13.1908,-6.71,93,100,0.51,NO,1703907894
293,toamasina,-18.1667,49.3833,25.0,94,40,1.54,MG,1703907895
294,progreso,21.2833,-89.6667,18.95,74,100,6.96,MX,1703907895
295,hami,42.8,93.45,-4.3,67,83,1.5,CN,1703907896
296,kruisfontein,-34.0033,24.7314,22.04,67,75,1.82,ZA,1703907896
297,xiva,41.3783,60.3639,-2.01,56,1,4.02,UZ,1703907897
298,brevard,28.292,-80.7492,13.32,79,100,5.14,US,1703907897
299,eydhafushi,5.1033,73.0708,27.05,83,89,8.19,MV,1703907898
300,jos,9.9167,8.9,15.21,36,7,1.65,NG,1703907898
301,guacimo,10.2104,-83.6807,26.77,95,100,1.24,CR,1703907898
302,kitimat,54.0524,-128.6534,4.82,65,100,1.32,CA,1703907899
303,dunedin,-45.8742,170.5036,12.67,91,71,1.79,NZ,1703907898
304,smara,26.7384,-11.6719,14.96,19,12,3.1,EH,1703907899
305,kasongo-lunda,-6.4667,16.8167,20.77,99,100,0.43,CD,1703907900
306,egilsstadir,65.2653,-14.3948,-9.05,92,75,1.03,IS,1703907900
307,cambria,35.5641,-121.0808,16.53,94,100,2.68,US,1703907900
308,zhezqazghan,47.7833,67.7667,-4.68,80,100,11.0,KZ,1703907901
309,yima,34.7381,111.8839,9.3,36,0,8.6,CN,1703907860
310,neryungri,56.6709,124.6491,-29.08,98,81,0.41,RU,1703907637
311,turtas,58.9417,69.1325,-7.94,92,100,8.04,RU,1703907904
312,san sebastian de la gomera,28.0916,-17.1133,23.2,12,0,2.06,ES,1703907904
313,ponta delgada,37.7333,-25.6667,16.4,63,40,4.12,PT,1703907905
314,san andres,12.5847,-81.7006,27.01,83,40,3.09,CO,1703907905
315,muang phonsavan,19.45,103.2167,23.82,43,37,0.27,LA,1703907906
316,belabo,4.9333,13.3,17.73,38,96,0.67,CM,1703907906
317,goz beida,13.95,20.55,18.13,22,2,3.15,TD,1703907907
318,necochea,-38.5473,-58.7368,12.86,63,35,5.56,AR,1703907907
319,sheregesh,52.9209,87.9869,-6.69,96,95,1.48,RU,1703907908
320,hailey,43.5196,-114.3153,1.29,77,0,4.02,US,1703907908
321,rikaze,29.25,88.8833,0.12,10,0,0.3,CN,1703907909
322,lhokseumawe,5.1801,97.1507,26.57,86,98,1.81,ID,1703907808
323,las heras,-46.5419,-68.9359,17.01,45,6,3.84,AR,1703907909
324,wladyslawowo,54.7909,18.4009,7.19,82,100,7.46,PL,1703907910
325,queenstown,-31.8976,26.8753,18.03,82,90,1.07,ZA,1703907366
326,akjoujt,19.6969,-14.4164,19.78,12,51,4.09,MR,1703907910
327,muynoq,43.7683,59.0214,1.68,70,41,5.44,UZ,1703907911
328,pleiku,13.9833,108.0,27.92,48,76,2.99,VN,1703907803
329,worland,44.0169,-107.9554,-0.75,72,0,4.12,US,1703907911
330,dyurtyuli,55.4911,54.8688,-18.41,100,76,1.96,RU,1703907912
331,nuku'alofa,-21.1333,-175.2,29.19,70,20,6.69,TO,1703907912
332,afaahiti,-17.75,-149.2833,28.93,79,100,2.29,PF,1703907913
333,ambodifotatra,-16.9833,49.85,26.03,94,75,1.03,MG,1703907913
334,quang ngai,15.1167,108.8,25.29,84,94,2.37,VN,1703907914
335,lihue,21.9789,-159.3672,25.58,76,27,3.89,US,1703907914
336,quellon,-43.1167,-73.6167,9.68,93,2,3.4,CL,1703907915
337,pavlovka,52.6897,47.1405,0.68,96,100,4.22,RU,1703907915
338,port pirie,-33.1833,138.0167,21.85,48,0,8.32,AU,1703907916
339,usogorsk,63.4106,48.6872,-18.52,99,100,1.6,RU,1703907917
340,margate,51.3813,1.3862,6.6,85,100,2.68,GB,1703907917
341,kongwa,-6.2,36.4167,20.67,88,99,0.74,TZ,1703907918
342,paraiso,9.8383,-83.8656,19.12,96,100,1.18,CR,1703907918
343,iskateley,67.6803,53.1512,-16.1,97,99,4.02,RU,1703907919
344,bahia blanca,-38.7196,-62.2724,14.62,58,4,2.81,AR,1703907920
345,ulanhot,46.0833,122.0833,-12.71,89,100,6.1,CN,1703907921
346,kununurra,-15.7667,128.7333,39.99,37,72,2.06,AU,1703907921
347,chonchi,-42.6128,-73.8092,13.56,84,1,1.75,CL,1703907922
348,ketchikan,55.3422,-131.6461,11.99,82,100,5.14,US,1703907923
349,puerto baquerizo moreno,-0.9,-89.6,23.86,89,33,3.85,EC,1703907924
350,forde,61.4522,5.8572,2.06,80,40,1.03,NO,1703907925
351,darovskoy,58.77,47.9564,-25.54,100,100,0.07,RU,1703907926
352,georgetown,5.4112,100.3354,28.3,81,40,2.57,MY,1703907143
353,tura,25.5198,90.2201,23.0,50,0,0.4,IN,1703907927
354,plastun,44.7561,136.2939,-3.48,54,90,2.42,RU,1703907927
355,puerto deseado,-47.7503,-65.8938,11.86,62,99,5.92,AR,1703907928
356,el hamma,33.8915,9.7963,8.62,88,100,1.23,TN,1703907928
357,bamboo flat,11.7,92.7167,30.05,70,40,5.66,IN,1703907930
358,ulan bator,47.9077,106.8832,-10.93,79,40,1.0,MN,1703907719
359,nuuk,64.1835,-51.7216,-9.66,73,6,5.14,GL,1703907931
360,north battleford,52.7834,-108.2847,-10.95,92,0,0.0,CA,1703907931
361,magadan,59.5667,150.8,-25.35,80,93,4.08,RU,1703907640
362,douentza,14.9951,-2.9517,17.48,18,0,1.31,ML,1703907932
363,tabou,4.423,-7.3528,26.23,83,25,0.63,CI,1703907932
364,anton lizardo,19.05,-95.9833,18.45,88,99,9.83,MX,1703907934
365,zaozersk,69.4005,32.4476,-16.2,99,77,0.84,RU,1703907935
366,danjiangkou,32.5428,111.5086,13.85,57,0,3.95,CN,1703907935
367,south hedland,-20.4089,118.5983,39.96,35,2,7.72,AU,1703907936
368,mashhad,36.297,59.6062,0.08,86,40,2.06,IR,1703907936
369,maxixe,-23.8597,35.3472,24.91,94,75,6.26,MZ,1703907936
370,petalcingo,17.2833,-92.45,11.73,100,100,0.81,MX,1703907937
371,kapuskasing,49.4169,-82.4331,-7.0,93,100,2.57,CA,1703907937
372,dongkan,33.9997,119.8308,12.34,58,34,5.79,CN,1703907938
373,gbadolite,4.2833,21.0167,21.14,47,88,1.44,CD,1703907938
374,caririacu,-7.0422,-39.2836,28.05,45,20,0.0,BR,1703907938
375,sarmiento,-45.5882,-69.07,18.91,32,0,2.01,AR,1703907939
376,galliano,29.4422,-90.2992,8.0,76,0,2.57,US,1703907940
377,geraldton,-28.7667,114.6,28.23,57,42,10.8,AU,1703907852
378,cururupu,-1.8283,-44.8683,24.78,92,65,1.44,BR,1703907940
379,yerofey pavlovich,53.9667,121.9667,-18.9,79,21,0.25,RU,1703907941
380,igarra,7.2827,6.0878,21.2,33,3,0.52,NG,1703907942
381,ghogha,21.6833,72.2833,19.06,94,0,2.06,IN,1703907942
382,kalmunai,7.4167,81.8167,27.52,80,94,5.84,LK,1703907943
383,brookings,44.3114,-96.7984,0.21,94,0,2.57,US,1703907943
384,annweiler am trifels,49.2,7.9667,9.43,82,100,3.58,DE,1703907944
385,santa rosa,14.3122,121.1114,32.27,77,69,5.84,PH,1703907944
386,palmer,42.1584,-72.3287,7.65,84,100,2.06,US,1703907945
387,tadine,-21.55,167.8833,27.16,71,41,5.15,NC,1703907946
388,guaimaro,21.05,-77.35,21.15,76,100,4.23,CU,1703907946
389,el nido,11.1858,119.3956,28.84,72,81,5.79,PH,1703907946
390,santo antonio do ica,-3.1022,-67.9397,23.66,95,98,0.35,BR,1703907947
391,alice springs,-23.7,133.8833,37.75,15,14,6.17,AU,1703907948
392,shubarshi,48.5872,57.1869,-0.7,96,100,7.95,KZ,1703907948
393,gaspe,48.8334,-64.4819,-1.05,86,100,2.06,CA,1703907949
394,bubaque,11.2833,-15.8333,25.91,70,0,4.27,GW,1703907949
395,hotan,37.0997,79.9269,1.87,37,30,0.82,CN,1703907950
396,jalai nur,49.45,117.7,-15.72,89,100,2.58,CN,1703907950
397,charlestown,-32.95,151.6667,27.23,70,39,3.13,AU,1703907950
398,gering,41.8258,-103.6605,2.56,59,0,3.09,US,1703907951
399,chany,55.3121,76.7647,-9.88,86,100,9.68,RU,1703907951
400,valday,57.9747,33.2525,-1.09,98,100,0.89,RU,1703907951
401,aksu,41.1231,80.2644,0.02,43,94,1.23,CN,1703907952
402,gadzhiyevo,69.2551,33.3362,-13.98,99,97,1.93,RU,1703907952
403,rio claro,-22.4114,-47.5614,25.47,42,100,0.34,BR,1703907952
404,kajiado,-1.8524,36.7768,16.37,89,97,2.86,KE,1703907953
405,qaqortoq,60.7167,-46.0333,-17.18,70,0,2.51,GL,1703907953
406,yanchep,-31.55,115.6833,33.4,30,66,0.77,AU,1703907954
407,santa barbara,34.7333,-120.0343,11.79,79,100,3.15,US,1703907850
408,namibe,-15.1961,12.1522,19.88,82,78,2.49,AO,1703907954
409,samarinda,-0.5,117.15,33.36,52,90,1.7,ID,1703907549
410,guiyang,26.5833,106.7167,11.27,71,100,1.0,CN,1703907734
411,kongsberg,59.6652,9.6465,-4.24,99,100,0.89,NO,1703907955
412,tainan,22.9908,120.2133,23.88,88,75,2.06,TW,1703907674
413,colindres,43.3864,-3.4353,10.98,87,78,1.62,ES,1703907955
414,manacapuru,-3.2997,-60.6206,24.64,94,100,0.77,BR,1703907956
415,pitimbu,-7.4706,-34.8086,24.33,73,69,3.02,BR,1703907956
416,guilin,25.2819,110.2864,19.06,48,15,1.32,CN,1703907732
417,pacific grove,36.6177,-121.9166,13.06,91,100,2.06,US,1703907957
418,prince rupert,54.3161,-130.3201,11.05,86,100,10.8,CA,1703907957
419,camabatela,-8.1881,15.375,17.19,99,100,1.14,AO,1703907958
420,nouadhibou,20.931,-17.0347,19.65,60,65,4.46,MR,1703907958
421,xilin hot,43.9667,116.0333,-8.28,88,17,2.26,CN,1703907699
422,ukmerge,55.25,24.75,4.82,92,100,5.36,LT,1703907959
423,puerto la cruz,10.2167,-64.6167,24.93,89,15,4.55,VE,1703907959
424,takoradi,4.8845,-1.7554,26.85,78,2,1.55,GH,1703907960
425,tevriz,57.509,72.4042,-11.89,89,100,7.3,RU,1703907960
426,lautoka,-17.6167,177.4667,30.92,70,75,7.2,FJ,1703907961
427,as sulayyil,20.4607,45.5779,17.14,47,19,3.55,SA,1703907962
428,sassandra,4.95,-6.0833,25.32,90,9,0.88,CI,1703907962
429,n'zeto,-7.2312,12.8666,25.9,85,100,1.52,AO,1703907963
430,loukhi,66.0764,33.0381,-11.99,98,98,2.73,RU,1703907964
431,kidal,18.4411,1.4078,17.04,18,0,2.25,ML,1703907965
432,sidney,-33.8679,151.2073,28.12,66,40,7.72,AU,1703907905
433,machico,32.7,-16.7667,19.35,72,20,4.12,PT,1703907966
434,papao,-17.75,-149.55,29.82,77,100,1.38,PF,1703907966
435,margaret river,-33.95,115.0667,21.72,67,93,3.62,AU,1703907967
436,berdigestyakh,62.0989,126.6992,-43.13,100,93,1.1,RU,1703907967
437,manaure,11.7751,-72.4445,26.35,86,99,6.34,CO,1703907968
438,argo,37.6333,22.7333,9.32,72,89,1.39,GR,1703907968
439,saint-pierre,-21.3393,55.4781,28.65,69,0,1.54,RE,1703907969
440,semirara,12.0697,121.3986,27.25,82,95,10.22,PH,1703907969
441,kaedi,16.1465,-13.5047,22.71,13,24,5.5,MR,1703907970
442,buulobarde,3.8538,45.5674,24.02,72,43,6.72,SO,1703907970
443,smithers,54.7804,-127.1743,3.18,93,100,1.54,CA,1703907972
444,chibougamau,49.9168,-74.3659,-8.21,93,100,3.6,CA,1703907973
445,cabedelo,-6.9811,-34.8339,24.37,76,66,2.94,BR,1703907974
446,ust'-ilimsk,58.0006,102.6619,-12.53,96,100,1.79,RU,1703907974
447,iquique,-20.2208,-70.1431,21.02,79,94,1.83,CL,1703907974
448,opuwo,-18.0607,13.84,17.63,51,38,0.95,NA,1703907975
449,paulden,34.8856,-112.4682,8.98,28,97,0.45,US,1703907975
450,buckeye,33.3703,-112.5838,17.14,36,0,2.57,US,1703907976
451,aioun,16.6614,-9.6149,17.57,16,1,4.91,MR,1703907976
452,lohardaga,23.4333,84.6833,19.05,41,1,1.38,IN,1703907976
453,tindouf,27.6711,-8.1474,8.25,27,0,2.57,DZ,1703907977
454,tamanrasset,22.785,5.5228,6.95,36,0,2.06,DZ,1703907977
455,oamaru,-45.0784,170.9801,15.77,80,90,4.61,NZ,1703907978
456,nova sintra,14.8667,-24.7167,23.42,69,95,2.03,CV,1703907979
457,forster,-32.1667,152.5167,26.88,57,34,5.98,AU,1703907695
458,tidjikja,18.5564,-11.4271,17.56,13,54,5.76,MR,1703907980
459,dunda,-8.1167,34.25,19.07,95,98,0.41,TZ,1703907980
460,kampong cham,11.9934,105.4635,31.55,49,100,5.48,KH,1703907885
461,fortuna,40.5982,-124.1573,12.59,92,100,7.2,US,1703907981
462,castanos,26.7833,-101.4167,11.3,52,0,1.41,MX,1703907981
463,vytegra,61.0064,36.4481,-16.47,99,93,1.79,RU,1703907982
464,tateyama,34.9833,139.8667,12.52,56,1,1.35,JP,1703907967
465,ciutadella,40.0011,3.8414,14.45,86,100,1.48,ES,1703907983
466,patterson,37.4716,-121.1297,16.12,70,65,3.11,US,1703907983
467,tirodi,21.6833,79.7,22.19,45,6,0.82,IN,1703907984
468,corning,42.1428,-77.0547,3.49,72,100,3.6,US,1703907985
469,brak,27.5496,14.2714,9.55,62,18,3.2,LY,1703907985
470,sinabang,2.4803,96.3801,27.07,84,100,2.86,ID,1703907986
471,yuzhno-kurilsk,44.0306,145.8556,-0.35,72,100,9.86,RU,1703907987
472,nchelenge,-9.3451,28.734,21.88,87,99,2.96,ZM,1703907987
473,pont rouge,48.8833,-72.0825,-1.94,92,100,1.91,CA,1703907988
474,okhotsk,59.3833,143.3,-27.26,83,39,6.39,RU,1703907988
475,nantucket,41.2835,-70.0995,8.06,100,100,3.09,US,1703907989
476,mar del plata,-38.0023,-57.5575,12.19,77,0,2.68,AR,1703907940
477,luderitz,-26.6481,15.1594,16.08,87,0,1.31,NA,1703907989
478,olyokminsk,60.3736,120.4264,-35.84,98,73,0.56,RU,1703907990
479,puerto colombia,10.9878,-74.9547,28.05,85,95,8.33,CO,1703907990
480,owando,-0.4819,15.8999,23.43,83,94,1.28,CG,1703907991
481,makubetsu,45.3714,141.8211,-3.16,68,75,7.2,JP,1703907992
482,marbella,36.5154,-4.8858,14.58,48,72,2.08,ES,1703907992
483,porto novo,6.4965,2.6036,23.89,89,5,1.31,BJ,1703907993
484,lata,40.1629,-8.3327,13.23,75,99,0.81,PT,1703907993
485,tema,5.667,-0.0166,28.23,83,75,2.57,GH,1703907993
486,corn island,12.1694,-83.0418,27.46,75,100,4.89,NI,1703907994
487,kuching,1.55,110.3333,31.12,75,40,2.06,MY,1703907898
488,taoudenni,22.6783,-3.9836,14.56,29,10,3.89,ML,1703907995
489,aral,40.5156,81.2636,0.8,37,75,2.99,CN,1703907995
490,tagta,41.6504,59.9164,-3.03,80,0,3.09,TM,1703907996
491,north bend,43.4065,-124.2243,13.93,94,100,1.54,US,1703907996
492,wenchang,30.904,118.4887,15.17,64,75,2.81,CN,1703907997
493,saint-philippe,-21.3585,55.7679,26.77,82,99,4.49,RE,1703907997
494,atherton,53.5237,-2.4935,5.79,84,100,1.79,GB,1703907998
495,uribia,11.7139,-72.266,26.15,84,98,4.6,CO,1703907998
496,boyolangu,-8.1181,111.8935,30.12,70,72,3.94,ID,1703907999
497,godda,24.8333,87.2167,20.65,48,3,1.81,IN,1703908000
498,andergrove,-21.0833,149.1833,35.91,71,10,6.68,AU,1703907832
499,phek,25.6667,94.5,13.86,57,13,0.59,IN,1703908001
500,george town,5.4112,100.3354,29.41,80,40,2.57,MY,1703907945
501,uray,60.1247,64.7758,-6.18,95,100,5.36,RU,1703908002
502,agat village,13.3886,144.6585,31.52,74,75,9.26,GU,1703908002
503,simpang,-1.2667,104.0833,31.5,64,83,1.33,ID,1703908002
504,khorixas,-20.3667,14.9667,16.76,49,1,0.58,NA,1703908003
505,bardai,11.65,7.2333,15.28,34,0,3.92,NG,1703908004
506,port hedland,-20.3167,118.5667,40.03,35,2,7.72,AU,1703908004
507,beyneu,45.3167,55.2,1.62,90,96,5.58,KZ,1703908005
508,mejit,10.2753,170.8646,26.84,85,83,8.62,MH,1703908006
509,yazoo city,32.8551,-90.4056,1.62,75,26,2.6,US,1703908007
510,page,36.9147,-111.4558,3.88,52,0,0.89,US,1703908007
511,broome,42.2506,-75.833,4.62,89,100,4.12,US,1703908008
512,ghat,24.9647,10.1728,10.78,31,21,0.65,LY,1703908008
513,tofol,5.3248,163.0078,30.88,70,75,5.14,FM,1703908010
514,nguigmi,14.2495,13.1092,17.14,27,0,5.73,NE,1703908010
515,mata-utu,-13.2816,-176.1745,28.8,74,86,4.82,WF,1703908010
516,nezhinka,51.7676,55.3694,-1.91,93,100,2.0,RU,1703908011
517,santana,-0.0583,-51.1817,29.1,84,0,2.57,BR,1703908011
518,talakan,50.3167,130.3667,-18.89,83,64,1.78,RU,1703908013
519,carutapera,-1.195,-46.02,25.67,89,96,2.51,BR,1703908014
520,castillos,-34.1667,-53.8333,14.52,54,54,5.21,UY,1703908014
521,pizhou,34.3114,117.9503,11.07,56,0,5.42,CN,1703907977
522,phan rang-thap cham,11.5667,108.9833,31.0,54,47,6.12,VN,1703907874
523,semnan,35.5729,53.3971,4.14,62,0,0.51,IR,1703908015
524,loikaw,19.6742,97.2094,23.51,50,10,0.96,MM,1703908016
525,severo-yeniseyskiy,60.3725,93.0408,-3.57,91,100,6.26,RU,1703908016
526,salahonda,2.1019,-78.7217,25.88,86,99,3.21,CO,1703908017
527,ceeldheer,3.8488,47.1806,25.09,79,93,7.36,SO,1703908017
528,port saint john's,-31.6229,29.5448,20.77,81,100,4.34,ZA,1703908018
529,pisco,-13.7,-76.2167,22.03,88,0,5.66,PE,1703908018
530,ozherel'ye,54.7961,38.2672,0.84,100,100,8.52,RU,1703908019
531,namtsy,62.7161,129.6658,-44.95,98,100,0.31,RU,1703908019
532,maragogi,-9.0122,-35.2225,24.8,75,1,1.92,BR,1703908019
533,charters towers,-20.1,146.2667,38.12,24,0,2.51,AU,1703908020
534,mananara,-16.1667,49.7667,24.77,91,100,0.8,MG,1703908020
535,tubarjal,30.4999,38.216,13.1,74,100,2.29,SA,1703908021
536,bakchar,57.0186,82.0711,-7.96,86,100,7.36,RU,1703908021
537,nadym,65.5333,72.5167,-11.21,94,100,11.16,RU,1703908022
538,wanning,18.8003,110.3967,22.91,89,100,3.73,CN,1703908023
539,suozhen,36.9539,118.1047,5.07,77,40,3.37,CN,1703908023
540,voinjama,8.4219,-9.7478,15.76,25,1,0.38,LR,1703908024
541,huicungo,-7.2833,-76.8,21.42,92,100,0.85,PE,1703908025
542,saraland,30.8207,-88.0706,8.32,77,10,2.73,US,1703908025
543,malabar,-33.9667,151.25,28.35,63,40,7.72,AU,1703908026
544,callaway,30.153,-85.5699,9.39,74,40,2.06,US,1703908027
545,dauphin,51.1494,-100.0502,-3.92,80,100,5.66,CA,1703908027
546,island harbour,50.724,-1.2758,9.43,88,99,0.89,GB,1703908028
547,dwarka,22.2394,68.9678,23.56,51,0,2.84,IN,1703908029
548,nogliki,51.8333,143.1667,-18.62,79,98,6.74,RU,1703908029
549,torghay,49.6339,63.4981,-3.0,94,100,8.8,KZ,1703908030
550,petropavlovsk-kamchatsky,53.0452,158.6483,-11.67,85,75,6.26,RU,1703907922
551,ipira,-12.1583,-39.7372,21.88,82,1,2.91,BR,1703908031
552,mbandaka,0.0487,18.2603,21.31,69,100,0.88,CD,1703908032
553,walvis bay,-22.9575,14.5053,16.16,100,0,0.0,NA,1703908033
554,waingapu,-9.6567,120.2641,31.95,60,28,4.28,ID,1703908033
555,colonia general alfredo stroessner,-25.3667,-55.7,18.73,93,83,1.82,PY,1703908034
556,ust-tsilma,65.441,52.1498,-15.8,96,100,3.21,RU,1703908035
557,cascais,38.6979,-9.4215,11.95,92,93,4.02,PT,1703908035
558,zhangye,38.9342,100.4517,4.15,24,13,2.51,CN,1703907842
559,zetale,46.275,15.7939,7.56,93,81,1.57,SI,1703908036
560,altamirano,16.8833,-92.15,12.17,100,100,0.61,MX,1703908036
561,pauini,-7.7136,-66.9764,22.8,98,100,0.53,BR,1703908036
562,tobelo,1.7284,128.0095,29.12,75,38,2.51,ID,1703908037
563,timimoun,29.2639,0.231,7.21,45,0,2.06,DZ,1703908037
564,sao geraldo do araguaia,-6.4006,-48.555,24.69,85,100,1.45,BR,1703908038
565,ayorou,14.7308,0.9174,18.33,18,0,4.24,NE,1703908039
566,felege neway,6.3,36.8833,16.03,71,88,0.13,ET,1703908040
567,bontang,0.1333,117.5,29.29,71,100,3.08,ID,1703908040
568,puerto el triunfo,13.2833,-88.55,24.93,86,85,0.39,SV,1703908041
569,grants,35.1473,-107.8514,-4.87,54,0,2.57,US,1703908041
570,gamba,-2.65,10.0,24.5,90,100,2.05,GA,1703908042
571,laminusa,5.5549,120.9136,28.22,76,14,2.22,PH,1703908042
572,priozersk,61.0393,30.1291,-2.17,86,100,6.63,RU,1703908042
573,abepura,-2.6333,140.5833,33.45,52,20,1.54,ID,1703908044
574,mahgawan,26.5,78.6042,12.23,48,100,0.23,IN,1703908044
575,doksy,50.5647,14.6555,9.07,77,100,6.3,CZ,1703908004
576,bryne,58.7354,5.6477,4.99,93,100,5.66,NO,1703908045
577,tulum,20.2167,-87.4667,18.09,92,95,3.05,MX,1703908046
578,golfito,8.639,-83.166,23.15,98,100,0.86,CR,1703908046
579,chayan,43.0297,69.3772,-2.7,76,6,2.03,KZ,1703908046
580,mount gambier,-37.8333,140.7667,18.59,45,49,5.07,AU,1703908047
581,ruidoso,33.3317,-105.673,2.51,37,0,4.12,US,1703908047
582,san sebastian de los reyes,40.5443,-3.6159,6.99,84,0,2.06,ES,1703908048
583,jolo,6.05,121.0167,28.69,77,34,0.99,PH,1703908048
584,el jadid,33.2549,-8.506,13.66,54,10,4.02,MA,1703908049
585,rafsanjan,30.4067,55.9939,7.48,46,9,0.53,IR,1703908049
586,cooper's town,26.8667,-77.5167,20.12,68,100,4.87,BS,1703908050
587,ghadamis,30.1337,9.5007,12.2,43,0,2.78,LY,1703908050
588,new norfolk,-42.7826,147.0587,16.62,41,87,5.23,AU,1703908051
589,solnechnyy,50.7214,136.6319,-21.09,83,8,1.14,RU,1703908051
590,rexburg,43.826,-111.7897,-2.48,78,0,1.54,US,1703908053
591,chita,52.0333,113.55,-16.06,77,20,0.0,RU,1703907890
592,curuca,-0.7289,-47.8481,24.48,95,99,1.46,BR,1703908055
593,mossel bay,-34.1831,22.146,18.96,94,100,0.94,ZA,1703908055
594,freetown,8.484,-13.2299,24.43,81,0,1.33,SL,1703908056
595,viedma,-40.8135,-62.9967,12.63,58,45,1.72,AR,1703908056
596,pindushi,62.9152,34.58,-19.94,99,96,1.71,RU,1703908057
597,aigio,38.2486,22.0819,13.45,79,76,4.5,GR,1703908057
598,durban,-29.8579,31.0292,21.77,81,3,4.34,ZA,1703907986
599,polyarnyy,69.1989,33.4478,-13.4,98,99,1.87,RU,1703908058
600,hingoli,19.7167,77.15,22.72,51,5,2.87,IN,1703908059
601,monte alegre,-2.0078,-54.0692,23.63,97,55,1.24,BR,1703908060
602,krasavino,60.9614,46.4814,-22.57,100,92,0.18,RU,1703908060
603,manggar,-2.8833,108.2667,29.54,70,90,0.78,ID,1703908061
604,nowy targ,49.4778,20.0323,6.69,90,100,2.37,PL,1703908061
